,LocationID,RatecodeID,PULocationID,DOLocationID,passenger_count,trip_distance,fare_amount,extra,mta_tax,tip_amount,tolls_amount,ehail_fee,improvement_surcharge,total_amount,payment_type,trip_type,congestion_surcharge
count,799136.0,712201.0,799136.0,799136.0,712201.0,799136.0,799136.0,799136.0,799136.0,799136.0,799136.0,0.0,799136.0,799136.0,712201.0,712201.0,712201.0
mean,95.83157435029833,1.0561667282129623,95.83157435029833,132.6303958274937,1.2883230997990736,5.203529662034367,12.702849965464086,0.4952035698554439,0.4416069354903295,1.2405157069636605,0.25914806741268726,,0.2964775707724216,16.04601397018467,1.4617643053014528,1.0138401939901798,0.7782869583165427
std,63.528657813895045,0.45874635120210455,63.528657813895045,78.26891220177056,0.9716268137740987,462.0995358520166,10.410433700069362,0.8566521121407801,0.16468675315183925,2.066277074358491,1.2894574949092976,,0.038554839440558486,12.124519903353294,0.5205939119645215,0.11682748899252819,1.2386850317479485
min,4.0,1.0,4.0,1.0,0.0,-33.69,-70.09,-4.5,-0.5,-2.8,-6.12,,-0.3,-65.8,1.0,1.0,-2.75
25%,42.0,1.0,42.0,71.0,1.0,1.0,6.5,0.0,0.5,0.0,0.0,,0.3,8.19,1.0,1.0,0.0
50%,74.0,1.0,74.0,131.0,1.0,1.7,9.0,0.0,0.5,0.0,0.0,,0.3,12.06,1.0,1.0,0.0
75%,116.0,1.0,116.0,225.0,1.0,3.33,15.5,1.0,0.5,2.15,0.0,,0.3,20.05,2.0,1.0,2.75
max,263.0,6.0,263.0,265.0,9.0,170783.44,803.0,8.25,3.55,449.6,96.12,,0.3,803.8,5.0,2.0,2.75
